state,district,company_name,emails,contact_numbers,total_installed_capacity_kwp,no_of_installations
GUJARAT,Amreli,SATYAM SALES,kishanagroagencyamreli@gmail.com,9825360183,5418,1601
GUJARAT,Amreli,MANGROLIYA NIKUNJ J.,nikunjmangroliya54@gmail.com,8866685082,3308,1010
GUJARAT,Amreli,GLOBAL SOLAR ENERGY,globalsolar99@gmail.com,8866190358,2902,844
GUJARAT,Amreli,ARKAY ICONIC PRIVATE LIMITED,arkaysolar@gmail.com,8401236600,2448,737
GUJARAT,Amreli,AVIRAT ENERGY PVT LTD,aviratenergy@gmail.com,9697443344,2081,630
GUJARAT,Amreli,BHANU PV SOLAR PVT LTD,bhanupvsolarpvtltd@gmail.com,9510398989,1963,588
GUJARAT,Amreli,SKYVIEW POWER,skyviewpower17@gmail.com,8140055305,1844,557
GUJARAT,Amreli,BHANU ENTERPRISES,akkothari1964@gmail.com,9263635946,1165,358
GUJARAT,Amreli,PATIDAR ENTERPRISE,patidarenterprise13@gmail.com,8980312782,1151,337
GUJARAT,Amreli,KARTAVY AGROTECH,kartavysolar@gmail.com,9426465233,981,292
GUJARAT,Amreli,MADHAV SOLAR ENERGY LIMITED (FORMERLY KNOWN AS MADHAV ENTERPRISE - SURAT),info@madhavsolarenergy.com,8849299212,874,267
GUJARAT,Amreli,BHAGWATI ELECTRICALS,bhagwatielectricals99091@gmail.com,7990883575,829,244
GUJARAT,Amreli,JAI SOMNATH ENTERPRISE,msjaisomnathenterprise@gmail.com,9979990909,797,242
GUJARAT,Amreli,RAJKOT E-BIKES AND SOLAR,rajkotebikesandsolar@gmail.com,8306020890,740,219
GUJARAT,Amreli,ARKAY SOLAR ENERGY LLP,arkaysolar02@gmail.com,9737636600,699,211
GUJARAT,Amreli,SHIV SALES AGENCY,ghadiyabhaisolar08@gmail.com,9428798679,649,195
GUJARAT,Amreli,BRAHMADIP ENTERPRISE,brahmadip.solar@yahoo.com,9427230047,610,184
GUJARAT,Amreli,KOMAL ELECTRIC,chetanramprasadi@gmail.com,9825047503,596,180
GUJARAT,Amreli,BRAHMANI ELECTRICS,brahmanielectrics1987@gmail.com,9429758674,599,177
GUJARAT,Amreli,FERUS ENERGIES CO,info@ferusenergies.com,9913341342,568,168
GUJARAT,Amreli,BNG GREEN ENERGY SOLUTION,bng.greenenergy@gmail.com,9727777171,415,120
GUJARAT,Amreli,YUG SOLAR,yugsolar@gmail.com,6359410052,406,116
GUJARAT,Amreli,RUDRA SOLAR ENERGY,info.rudrasolar@gmail.com,9427903084,383,111
GUJARAT,Amreli,KOSOL ENERGIE PVT. LTD.,bharat@sunray.co.in,8799696356,381,111
GUJARAT,Amreli,HARSIDDHI ENGINEERING WORKS,harsiddiengineering@yahoo.com,9428342940,350,102
GUJARAT,Amreli,PRAYOSHAM SOLAR ENERGY,jayrajp880@gmail.com,9574242883,304,87
GUJARAT,Amreli,POWERSHINE ENERGY,powershineenergy1993@gmail.com,9723096888,281,85
GUJARAT,Amreli,VARDHAN SALES,vardhansolar91@gmail.com,9512020935,258,79
GUJARAT,Amreli,PATEL SOLAR,patelsolarmahuva@gmail.com,9825353092,252,73
GUJARAT,Amreli,HARISH ENGINEERING WORKS,harish.engg91@gmail.com,9428618859,250,73
GUJARAT,Amreli,BESIGNATURE SOLAR ENERGY PVT.LTD,signaturesolar975@gmail.com,7265996001,234,70
GUJARAT,Amreli,AUSTRALIAN PREMIUM SOLAR INDIA PVT LTD,systems@australianpremiumsolar.co.in,7966006600,234,70
GUJARAT,Amreli,EARTHWAVE TECHNOLOGY PRIVATE LIMITED,EARTHWAVETECHNOLOGY@GMAIL.COM,9426373334,220,68
GUJARAT,Amreli,DIGI SOLAR ENERGY,digisolarenergy@gmail.com,9687818686,226,68
GUJARAT,Amreli,INFRAX INTERNATIONAL,info@infraxsolar.com,7778002780,212,63
GUJARAT,Amreli,REDREN ENERGY PVT LTD,rooftop@redren.in,9104591041,194,59
GUJARAT,Amreli,SHREE RADHE ELECTRICALS,shreeradhesolar24@gmail.com,9974842981,197,58
GUJARAT,Amreli,SHREE GOKUL ENTERPRISE,shreegokulenterprise123@gmail.com,8160000871,192,58
GUJARAT,Amreli,TOPCON SOLAR ENERGY,topconsolarenergy@gmail.com,9081773500,189,56
GUJARAT,Amreli,KSQUARE ENERGY PVT LTD,projects@ksquareenergy.com,9725218150,183,55
GUJARAT,Amreli,SHREE RAM SOLAR RAJKOT,vikeshchovatiya@gmail.com,9898921527,177,52
GUJARAT,Amreli,GREEN ENERGY - RAJKOT,greenenergy123@gmail.com,9428010202,175,52
GUJARAT,Amreli,INFINITY SOLAR - RAJKOT,infinitysolar2022@gmail.com,7201070799,167,51
GUJARAT,Amreli,CAPTAIN POLYPLAST LIMITED,solar@captainpolyplast.in,9313925889,172,51
GUJARAT,Amreli,KAIZEN ENERGY,info.kaizenenergy@gmail.com,8347424158,155,49
GUJARAT,Amreli,ALFA SOLAR ENERGY,alfasolarenergy2020@gmail.com,9825374250,148,46
GUJARAT,Amreli,VR ENERGY,vrenergy4@gmail.com,9924390293,156,45
GUJARAT,Amreli,BAPA SITARAM SOLAR POWER PVT LTD,bapasitaramsolarpower@gmail.com,8511362222,147,44
GUJARAT,Amreli,AMPBEAT SOLUTION,ampbeatsolution@gmail.com,7575015022,144,44
GUJARAT,Amreli,SOLARIUM GREEN ENERGY LIMITED,np@solariumenergy.in,9687133338,145,42
GUJARAT,Amreli,INFRAX RENEWABLE LIMITED,pmsg@infraxrenewable.com,9033260985,147,42
GUJARAT,Amreli,RIDHAM ENTERPRISE,ridhamenterprise770@gmail.com,6351158633,128,39
GUJARAT,Amreli,HILTON RENEWABLES,hiltonrenewables.amr@gmail.com,8181080800,131,39
GUJARAT,Amreli,HARSH COMMUNICATION,harshcomm.solar@gmail.com,9137373727,136,39
GUJARAT,Amreli,JANTA RENEWABLE ENRGY,jantarenewableenergy@gmail.com,9898897373,124,36
GUJARAT,Amreli,CEYONE SOLAR,ceyonesolar@gmail.com,7567091000,108,34
GUJARAT,Amreli,ANGEL PUMPS PVT.LTD.,solar1@pumpsangel.com,9904809409,104,34
GUJARAT,Amreli,ANANYA SOLAR TECHNOLOGIES,sales.ananyasolar@gmail.com,7573850419,92,31
GUJARAT,Amreli,BANSIDHAR SOLAR ENERGY,banshidharsolarenergy@gmail.com,9726035143,107,30
GUJARAT,Amreli,HINDUSTAN SOLAR AND POWER PACK,hindustansolar86@gmail.com,7016087359,95,29
GUJARAT,Amreli,URATOM SOLAR INDIA PVT LTD,pv@uratom.com,9925099249,95,28
GUJARAT,Amreli,YAGNIKKUMAR VALLABHBHAI SAVALIYA,yagniks1999@gmail.com,9409326590,90,27
GUJARAT,Amreli,ECOWATT ENERGY,ecowattenergy18@gmail.com,9978638437,88,27
GUJARAT,Amreli,SEVENTH SKY RENEWABLE LLP,seventhskyrenewable@gmail.com,7874524574,91,26
GUJARAT,Amreli,SARJAN CONSTRUCTION PVT LTD,info.solardiv@sarjanconstruction.com,8000052226,88,25
GUJARAT,Amreli,SATYAY SOLAR,satyaysolar@gmail.com,9157716540,82,24
GUJARAT,Amreli,OM SOLAR SYSTEMS,omsolarsystems.rjt@gmail.com,8141405557,79,24
GUJARAT,Amreli,KRISHIV ENTERPRISE,jevinpansuriya4@gmail.com,7359294060,79,23
GUJARAT,Amreli,GRIWA INTERNATIONAL LLP,prakashkoriya17@gmail.com,8200988481,81,22
GUJARAT,Amreli,VAGHASIA HITESH B,vaghasia_hitesh@yahoo.com,9979773121,73,21
GUJARAT,Amreli,JAY ELECTRICALS,jayelec2021@gmail.com,9427261002,69,21
GUJARAT,Amreli,HEAVEN GREEN ENERGY LTD. (FORMERLY KNOWN AS HEAVEN SOLAR ENERGY PVT LTD),heavensolarenergy@gmail.com,9979532167,69,21
GUJARAT,Amreli,RIA SOLAR,riasolar2021@gmail.com,8320210323,63,20
GUJARAT,Amreli,GREENERA ENERTECH PVT LTD,greenera.solarenergy@gmail.com,9427726620,65,19
GUJARAT,Amreli,GOPI TECHNOLOGIES,epc@gopitechnologies.com,8866077344,66,19
GUJARAT,Amreli,SOLISTA ENERGY,solistaenergy8@gmail.com,9106194946,59,18
GUJARAT,Amreli,RADIANT SOLAR SOLUTIONS,paresh@radiantsolarsolution.com,9979632096,60,18
GUJARAT,Amreli,SUNWAVE ENERGY,sunwave.energy123@gmail.com,7046070468,51,17
GUJARAT,Amreli,UDB ENERGY PVT. LTD.,udbenergypvtltd@gmail.com,7077014714,53,16
GUJARAT,Amreli,SHREE KHODIYAR SOLAR & ENTERPRISE,s60358186@gmail.com,9313405580,53,16
GUJARAT,Amreli,SHIVAM ENTERPRISE (SURAT),shivamenterprise24365@gmail.com,9998883132,55,16
GUJARAT,Amreli,MADHAV GREEN ENERGY,madhavgreene@gmail.com,9408102358,54,16
GUJARAT,Amreli,RVMOVALIYA CONSTRUCTION CO,rvmovaliya.solarenergy@gmail.com,9724543742,49,15
GUJARAT,Amreli,RISING SUN ENERGY,risingsunenergy2018@gmail.com,7405303305,50,15
GUJARAT,Amreli,EMISUN SOLAR PVT LTD,care@emisun.in,9510777984,45,15
GUJARAT,Amreli,SHAYONAAM ENTERPRISE,shayonaam12@gmail.com,9638766943,45,14
GUJARAT,Amreli,KK ENTERPRISE,LATHIYA410@GMAIL.COM,9925590208,46,14
GUJARAT,Amreli,SOLAR ACE,project.solarace@gmail.com,9909037803,41,13
GUJARAT,Amreli,RAYNEX POWER SOLUTION,raynexps@gmail.com,8758239470,40,13
GUJARAT,Amreli,ICONIC SOLAR ENERGY,iconicsolarenergy26@gmail.com,7698504095,42,13
GUJARAT,Amreli,E-TECH SOLUTION & SOLAR,etechsolution.solar@gmail.com,9099563174,42,13
GUJARAT,Amreli,DHM SOLAR POWER PVT LTD,dhmsolarpower@gmail.com,8980508730,51,13
GUJARAT,Amreli,SP ENGINEERING,sp.engineering2k19@gmail.com,6353577489,40,12
GUJARAT,Amreli,SKYLARK ENERGY SOLUTIONS,satyajeetjhala7227@icloud.com,9726200054,40,12
GUJARAT,Amreli,ONIX RENEWABLE LIMITED,naman.viradiya@onixrenewable.in,9586043661,38,12
GUJARAT,Amreli,NAKSHATRA INFOSYS,nakshatrainfosys178@gmail.com,9909697193,39,12
GUJARAT,Amreli,ANADI SOLAR,anadisolar3030@gmail.com,6359248000,39,12
GUJARAT,Amreli,SUNGOLD ENTERPRISE,sungoldenterprise123@gmail.com,9737147433,37,11
GUJARAT,Amreli,SP TECHNOLOGY,Sptechnology2023@gmail.com,9586267664,44,11
GUJARAT,Amreli,I SQUARE SOLAR,work.srbudheliya@gmail.com,9722272775,35,11
GUJARAT,Amreli,AMAR JYOT SPRAY PUMP,ajagriandsolar@gmail.com,9722227299,42,11
GUJARAT,Amreli,ALFA SOLAR ENERGY PVT. LTD.,alfaenergypvtltd24@gmail.com,9825374299,35,11
GUJARAT,Amreli,SHIVDHARA SALES,shivdharasales8060@gmail.com,7433004040,34,10
GUJARAT,Amreli,PROMECH SOLAR ENERGY,promechsolarenergy@gmail.com,9662026679,33,10
GUJARAT,Amreli,DISHACHI ENERGY,dishachienergy@gmail.com,9898762600,32,10
GUJARAT,Amreli,CYBRID INFRATECH PRIVATE LIMITED,DEEPAK@CYBRIDINFRA.COM,9925299942,31,10
GUJARAT,Amreli,AVINYA POWER SOLUTION,avinyapowersolution@gmail.com,9099317212,35,10
GUJARAT,Amreli,VERTEX SOLAR SOLUTIONS PVT LTD,vertexnad@gmail.com,8758614088,34,9
GUJARAT,Amreli,ULTRASUN ENERGY,info@ultrasunenergy.com,9909911071,29,9
GUJARAT,Amreli,SUNSNATCH SOLUTIONS LLP,monark.sunsnatch@gmail.com,7698536878,27,9
GUJARAT,Amreli,SUNBOOST PRIVATE LTD,info@sunboostenergy.com,9104227788,30,9
GUJARAT,Amreli,SAT GREENTECH PRIVATE LIMITED,satgreentech25@gmail.com,8758957741,29,9
GUJARAT,Amreli,PAHAL SOLAR EPC LLP,avinash@pahalsolar.com,9512323223,27,9
GUJARAT,Amreli,MARUTI SUNSOLREN,marutisunsolren@gmail.com,8238145153,28,9
GUJARAT,Amreli,H V ENERGIES,hvsolarenergies@gmail.com,7069797784,33,9
GUJARAT,Amreli,UNIQUE ELECTRICAL,sales.epc2016@gmail.com,9099000148,26,8
GUJARAT,Amreli,TRIDENT POWER,trident.power24@gmail.com,7698264402,29,8
GUJARAT,Amreli,SOULSHINE RENEWABLE ENERGY,epc.soulshine@gmail.com,9913895893,27,8
GUJARAT,Amreli,EQUINOX SOLAR PRIVATE LIMITED,info@equinoxsolar.in,7573044078,25,8
GUJARAT,Amreli,APS ROOFTOP SOLAR PRIVATE LIMITED,info@apsrooftopsolar.co.in,7966009900,30,8
GUJARAT,Amreli,SOLAR SMART PVT LTD,solarsmart2021@gmail.com,7284000580,26,7
GUJARAT,Amreli,SN GROUP OF COMPANY,sngroupofcompany2022@gmail.com,9725324439,23,7
GUJARAT,Amreli,SILVER CONSUMER ELECTRICALS LIMITED (FORMERLY KNOWN AS SILVER CONSUMER ELECTRICALS PRIVATE LIMITED),kevin.patel@silverpumps.com,7486059400,29,7
GUJARAT,Amreli,SAMAR SOLAR,samarsolar183@gmail.com,7046164346,26,7
GUJARAT,Amreli,REDSUN SOLAR INDUSTRIES,info@redsunin.com,9825632875,22,7
GUJARAT,Amreli,NILKANTH ENGINEERING,nilkanthengineering9@gmail.com,8155928825,22,7
GUJARAT,Amreli,EMPYREAL SOLAR,liaison@empyreAlsolar.in,9099526261,22,7
GUJARAT,Amreli,CHARLES SOLAR POWER ENERGY,charlessolarpowerenergy1990@gmail.com,7016170076,26,7
GUJARAT,Amreli,ANGEL ENGINEERING,angel.engineering11@gmail.com,9574066408,23,7
GUJARAT,Amreli,URJASTROT PRIVATE LIMITED,urjastrotenterprise@gmail.com,7621010012,21,6
GUJARAT,Amreli,SURYABHUMI SOLAR ENERGY,suryabhumisolarenergy@gmail.com,8866019146,21,6
GUJARAT,Amreli,SKY BLUE SOLAR,skybluesolar56@gmail.com,9824965349,18,6
GUJARAT,Amreli,SHREEJI SOLAR & SERVICES,NILVADERA141@GMAIL.COM,9106331904,20,6
GUJARAT,Amreli,SHIV SHAKTI ELECTROTECH PRIVATE LIMITED,purchase.sselectrotech@gmail.com,9099516178,20,6
GUJARAT,Amreli,SCION POWER,scionpower@yahoo.com,7043511106,19,6
GUJARAT,Amreli,RENEWZA ENERGY,renewzaenergy@gmail.com,8511148225,23,6
GUJARAT,Amreli,MK ELECTRICAL AND CO,mkelectrical.co@gmail.com,8866525483,19,6
GUJARAT,Amreli,MADHVAN POLYPLAST PVT. LTD.,cmp.madhavanpolyplast@gmail.com,9104306162,20,6
GUJARAT,Amreli,LGM ENERGY AND INFRACON LLP,lgmenergyandinfraconllp@gmail.com,7574000906,19,6
GUJARAT,Amreli,INFINITY SOLAR - SURAT,infinity.solar01@gmail.com,8866860686,19,6
GUJARAT,Amreli,D SUN SOLAR,dsunsolar429@gmail.com,9904131777,19,6
GUJARAT,Amreli,VRUND ENERGY,vrundenergy@gmail.com,9574779572,16,5
GUJARAT,Amreli,VIABLE SOLAR,viable.solar9990@gmail.com,9913344841,16,5
GUJARAT,Amreli,SURYA SHAKTI SOLAR,suryashaktisolar09@gmail.com,7567992734,18,5
GUJARAT,Amreli,SOLEOS GREEN ENERGY PRIVATE LIMITED,pruthvi@soleos.in,9512448900,16,5
GUJARAT,Amreli,RELIGHT ENERGY LLP,relightenergy.info@gmail.com,8000194738,18,5
GUJARAT,Amreli,RELIABLE ELECTRIX,reliableelectrix@gmail.com,9925448033,14,5
GUJARAT,Amreli,QUALITUDE TECHNOLOGY,qualitudetechnology@gmail.com,9909915808,17,5
GUJARAT,Amreli,MARUTI SOLAR SYSTEMS,dinesh.navar@gmail.com,9409080149,16,5
GUJARAT,Amreli,EVOLUTION,evolutiongujarat@gmail.com,9773296801,16,5
GUJARAT,Amreli,ETECH ENERGY,admin@etechenergy.com,9328509877,17,5
GUJARAT,Amreli,DEVDEEP ELECTRICALS,devdeepelectricals@gmail.com,9726879009,15,5
GUJARAT,Amreli,ASTHA ENTERPRISE,asthaenterprise8010@gmail.com,9925668010,17,5
GUJARAT,Amreli,ARETE ELECTROPOWER PVT LTD,projects@arelectropower.com,9099940283,17,5
GUJARAT,Amreli,ZEEPO ELECTRICAL SERVICES PRIVATE LIMITED,zeepoelectricalservices@gmail.com,9664823942,13,4
GUJARAT,Amreli,VISHWASH ENTERPRISE,vishwashenterprise2422@gmail.com,6355098324,13,4
GUJARAT,Amreli,VEERASOL TECHNOLOGY,info@veerasol.com,9558899931,13,4
GUJARAT,Amreli,VALAM ENTERPRISE,valamenterprise007@gmail.com,9824881693,14,4
GUJARAT,Amreli,SUNSHREE SOLAR,sunshreesolar@gmail.com,9157838777,13,4
GUJARAT,Amreli,SUNSHINE SOLAR,sunshinesolarsurat@gmail.com,9537733133,12,4
GUJARAT,Amreli,SHREE KHODIYAR SOLAR PRIVATE LIMITED,sk.solar@yahoo.com,9825820612,12,4
GUJARAT,Amreli,SHIVAM PHOTOVOLTICS PVT LTD,tenders@spvpl.com,9426023829,13,4
GUJARAT,Amreli,SANJEE ENTERPRISE,sanjee.enterprise@gmail.com,9157353735,13,4
GUJARAT,Amreli,REAL MULTIPLE SOLUTIONS,rmssolar.bhavnagar@rediffmail.com,9099722722,13,4
GUJARAT,Amreli,RAJANI MOTORS,rajanimotors21@gmail.com,7227807262,15,4
GUJARAT,Amreli,RAGHURAM SOLAR POWER GREEN ENERGY LLP,raghuramsolar9@gmail.com,7575019877,14,4
GUJARAT,Amreli,NILESH ENGINEERS,nileshengineers57@gmail.com,9033005732,16,4
GUJARAT,Amreli,NETWORK SOLUTION,network.solution.raj@gmail.com,9227707042,14,4
GUJARAT,Amreli,MADHULI CORPORATION,madhulicorporation@gmail.com,9904990630,14,4
GUJARAT,Amreli,LAXMI HI TECH,laxmihitech36@gmail.com,7046494649,12,4
GUJARAT,Amreli,KRIVA TECHNOLOGIES,krivasolartechnologies@gmail.com,7227074480,13,4
GUJARAT,Amreli,JAY CONSTRUCTION CO,greenerenergy48@gmail.com,8200558867,11,4
GUJARAT,Amreli,GIR ENTERPRISES,ankitbhaiankit88@gmail.com,8686869015,9,4
GUJARAT,Amreli,FOURCELL ENERGY PRIVATE LIMITED,fourcellenergy@gmail.com,9377776564,14,4
GUJARAT,Amreli,ECOLUX SOLAR,ecoluxsolar007@gmail.com,8980088806,12,4
GUJARAT,Amreli,DK SOLAR TECHNOLOGY,dksolartechno@gmail.com,9824998007,13,4
GUJARAT,Amreli,CHEMITEX EXPORTS PVT LTD,shrijichem@hotmail.com,9099940535,13,4
GUJARAT,Amreli,AXIS ENERTECH,meet@axisenertech.com,9428028009,12,4
GUJARAT,Amreli,SOLSKIN ENERGY LLP,solskinenergy@gmail.com,8128988878,9,3
GUJARAT,Amreli,SOL MAX SOLUTION,mpboricha111@gmail.com,9429343757,9,3
GUJARAT,Amreli,RAYS RENEWABLE ENERGY,raysrenewableenergy@gmail.com,7069175139,10,3
GUJARAT,Amreli,PRIDE SOLAR ENERGY LLP,Pridesolarenergyllp@outlook.com,9664975264,10,3
GUJARAT,Amreli,ONEVOLT GREEN PVT LTD,onevoltgreens@gmail.com,9925292721,9,3
GUJARAT,Amreli,OMEGA POWER,omegapower2018@gmail.com,7990226349,9,3
GUJARAT,Amreli,OM SHANTI SOLAR GROUP,omshantisolar@gmail.com,8530122612,9,3
GUJARAT,Amreli,JJ PV SOLAR PRIVATE LIMITED,rajesh@jjpvsolar.com,9904809006,9,3
GUJARAT,Amreli,IMPERIUM POWERTECH,imperiumtender@gmail.com,9054457166,7,3
GUJARAT,Amreli,GLOBAL ENTERPRISE,globalsolarent@gmail.com,9924900304,12,3
GUJARAT,Amreli,DEVKINANDAN ELECTRICAL,devkinandanelectrical31@gmail.com,6354127027,9,3
GUJARAT,Amreli,BHANU SOLAR ROOFTOP,info@bhanusolar.co.in,7600240535,9,3
GUJARAT,Amreli,AAI SHREE KHODIYAR FEBRICATION,ASKF2024@GMAIL.COM,9725001682,10,3
GUJARAT,Amreli,YUVAAN ENERGY PRIVATE LIMITED,sales@yuvaanenergy.com,9825045890,6,2
GUJARAT,Amreli,YOG ENTERPRISE,yogenterprise.vallabhipur@gmail.com,7600790079,8,2
GUJARAT,Amreli,VIRAT CONSTRUCTION CO,info@viratconstruction.com,9909950605,9,2
GUJARAT,Amreli,VEER SOLAR GREEN ENERGY,veersolar2024@gmail.com,8347173977,6,2
GUJARAT,Amreli,U R ENERGY INDIA PVT LTD,india@urenergyglobal.com,9512040442,6,2
GUJARAT,Amreli,SURYANCE SOLAR,suryancesolar@gmail.com,9664504655,6,2
GUJARAT,Amreli,SOMNATH ENERGY,somnath.solarenergy@gmail.com,7600250096,7,2
GUJARAT,Amreli,SKYVOLT POWER TECHNOLOGIES LLP,skyvoltpower25@gmail.com,9909798222,6,2
GUJARAT,Amreli,SKY TECH ENERGY,info.skytechenergy@gmail.com,6355092898,6,2
GUJARAT,Amreli,SHRI KHODIYAR ENTERPRISE,shrikhodiyar1978@gmail.com,9727358029,6,2
GUJARAT,Amreli,SHREERAM ENTERPRISE,shreeramvalbhi7@gmail.com,8154845959,6,2
GUJARAT,Amreli,SHREEJI & SONS,shreejiandsolar2211@gmail.com,8140165509,6,2
GUJARAT,Amreli,SATYAM SOLAR,satyamsolar823@gmail.com,9227941770,6,2
GUJARAT,Amreli,RK SUN POWER LLP,rksunpowertrading@gmail.com,9913785000,7,2
GUJARAT,Amreli,RADIANT SOLAR SYSTEMS,bhargavec40@gmail.com,9408503198,6,2
GUJARAT,Amreli,KARMA POWER,karmapower001@gmail.com,8849370511,6,2
GUJARAT,Amreli,JASMIN J BAMBHAROLIYA,jasmin.bambharolia14@gmail.com,8140916256,6,2
GUJARAT,Amreli,JAFFINS ENTERPRISE,solarbhavnagar@gmail.com,9375465252,6,2
GUJARAT,Amreli,I K SOLAR ENERGY,iksolarenergy2302@gmail.com,6353941652,6,2
GUJARAT,Amreli,GS POWERTECH,info.gspowertech@gmail.com,7567438385,6,2
GUJARAT,Amreli,GETWAY ENERGY,getwayenergy@gmail.com,9925827815,7,2
GUJARAT,Amreli,FRELIT ENERGY PRIVATE LIMITED,frelitenergy@gmail.com,9512700130,7,2
GUJARAT,Amreli,EVAANTA ENERGY,info@evaantaenergy.com,9712326261,6,2
GUJARAT,Amreli,DRAYS ENERGY SOLUTIONS,draysenergy@gmail.com,7802893258,5,2
GUJARAT,Amreli,DHARMANANDAN SOLAR ENERGY,mayurdhariyaparmar@gmail.com,9016367556,6,2
GUJARAT,Amreli,D-LIGHT SOLAR ENERGY LLP,epc@dlightsolarenergy.in,9898511535,6,2
GUJARAT,Amreli,AMPERE GREEN ENERGY,amperegreenenergy@gmail.com,9033116472,6,2
GUJARAT,Amreli,AKV ENERGY SOLUTIONS,akvenergysolutions@gmail.com,9033401435,6,2
GUJARAT,Amreli,ADINSON ENERGY LLP,adinsonenergy2022@gmail.com,9724272728,6,2
GUJARAT,Amreli,AARUSH ENTERPRISE,info@aarushsolar.com,9724302078,6,2
GUJARAT,Amreli,VCL ENERGY,vclenergy777@gmail.com,9825492605,3,1
GUJARAT,Amreli,UNIQUE POWER SYSTEM,uniquepowerrajkot@gmail.com,9825224349,2,1
GUJARAT,Amreli,TERAIYA ENTERPRISE,teraiyaenterprise@gmail.com,8780802225,3,1
GUJARAT,Amreli,SURYAKAMAL INFRA PVT.LTD.,sales@suryakamalinfra.com,9727756866,3,1
GUJARAT,Amreli,SUNSETLIFE SOLAR PRIVATE LIMITED,sunsetlifesolar@gmail.com,9574427119,3,1
GUJARAT,Amreli,SUNNOVATIVE SOLAR ENERGY SOLUTION PVT LTD,ravi@sunnovative.com,8153819531,3,1
GUJARAT,Amreli,SHREEJI SALES - KARAMSAD,shreejisales125@gmail.com,9586548051,3,1
GUJARAT,Amreli,SHREEJI MARKETING - TALOD,rajuksales@gmail.com,9974612008,3,1
GUJARAT,Amreli,SHREEJI GRIN SOLAR,shrijigreensolar@gmail.com,7203005770,3,1
GUJARAT,Amreli,SHREEJI ENTERPRISE - JETPUR,shreeji2017enterprise@gmail.com,9638012929,2,1
GUJARAT,Amreli,SHREE GANGESHWAR ENGINEERING PRIVATE LIMITED,shreegangeshwarengineering@gmail.com,9157974445,3,1
GUJARAT,Amreli,SHREE GAJANAND ENERGIES,magicwithparth@gmail.com,6351126699,3,1
GUJARAT,Amreli,SHIVHARDHA SHD PROJECTS,shivhardha@gmail.com,9898692603,4,1
GUJARAT,Amreli,SHIVAM SOLAR AND SERVICES,Parmardivyraj.77@gmail.com,8320732424,3,1
GUJARAT,Amreli,SAMRUDDDHI ENTERPRISE,samruddhienterprise22@gmail.com,9033676399,5,1
GUJARAT,Amreli,RIA POWER,riapower24@gmail.com,8758463929,3,1
GUJARAT,Amreli,RAYNEX POWER SOLUTION PRIVATE LIMITED,info@raynexps.com,8758612077,3,1
GUJARAT,Amreli,RANJAN INDUSTRIES,ranjan28496@gmail.com,9924818113,3,1
GUJARAT,Amreli,RADHE ELECTRICAL,radheelectrical24@gmail.com,9601294783,3,1
GUJARAT,Amreli,PROTON POWER SERVICE,sprotonpower@gmail.com,9033765370,3,1
GUJARAT,Amreli,PRAYOSHA CORPORATION,prayoshacorporation.india@gmail.com,9825390162,3,1
GUJARAT,Amreli,PRACHI GREEN GREEN ENERGY PVT LTD,prachigreenenergy@gmail.com,9737830854,3,1
GUJARAT,Amreli,PERFECT RENEWTECH PRIVATE LIMITED,info@perfectrenewtech.com,9965200700,3,1
GUJARAT,Amreli,P V ENERGY,pvenergy999@gmail.com,9924195999,3,1
GUJARAT,Amreli,N M POWER,gauravkareliya1@gmail.com,8141958041,3,1
GUJARAT,Amreli,MEGHAL POWER,meghalpower23@gmail.com,9712726390,3,1
GUJARAT,Amreli,MAXIFLUENCE TECHNOVATE LLP,info@maxifluencetechnovate.com,9662298809,8,1
GUJARAT,Amreli,M S ENERGY,msenergy2021@gmail.com,7265939104,3,1
GUJARAT,Amreli,LOGICTECH SOLAR AND AUTOMATION PVT LTD,logictechsolar@gmail.com,9429580846,3,1
GUJARAT,Amreli,LIPO TECHNOLOGY PRIVATE LIMITED,kalpesh@lipotechnology.in,9722266550,3,1
GUJARAT,Amreli,KIRTAN MARKETING,kirtanmarketing@gmail.com,9714440026,3,1
GUJARAT,Amreli,KIRTAN BATTERIES,kirtanbatteries26@gmail.com,7043337333,3,1
GUJARAT,Amreli,JIYAAN SOLAR COMPANY,jiyaansolar.co@gmail.com,8160645436,3,1
GUJARAT,Amreli,JAY SARDAR SOLAR POWER PRIVATE LIMITED,dbchaudhary108@gmail.com,9737550593,3,1
GUJARAT,Amreli,JANETA SOLAR,info.janetasolar90@gmail.com,8734829145,3,1
GUJARAT,Amreli,H & M COMPANY,info@hmcompany.in,9157768561,3,1
GUJARAT,Amreli,GREEN WATT ENERGY,info@greenwattenergy.co.in,9913853055,3,1
GUJARAT,Amreli,GREEN LIGHT ENERGY,glenergy2024@gmail.com,9998754265,3,1
GUJARAT,Amreli,GREEN EARTH SOLAR,info.ges2015@gmail.com,9723076250,3,1
GUJARAT,Amreli,GAYATRI CONSTRUCTION,chetansinh270@gmail.com,7408636363,3,1
GUJARAT,Amreli,EXPERT POWER SOLUTION,info.expertpowersolution@gmail.com,8780287091,3,1
GUJARAT,Amreli,ELIOS ENERGY,info@eliosenergy.co.in,7016192219,3,1
GUJARAT,Amreli,EFFORTS SOLAR PRIVATE LIMITED (FORMERLY KNOWN AS EFFORTS ENTERPRISES),admin@effortsgroup.in,9067817117,3,1
GUJARAT,Amreli,ECLIPTIC SOLAR,davevishalkumar@gmail.com,9825023276,3,1
GUJARAT,Amreli,DIVINE SOLAR ENERGY,divinesolarenergy33@gmail.com,7069853208,3,1
GUJARAT,Amreli,DESTINY ELECTRICAL,destinyelectricals@gmail.com,9016172698,3,1
GUJARAT,Amreli,DEK AND MAVERICKS GREEN ENERGY LIMITED,lalji.goltar@dmgel.in,8780289470,3,1
GUJARAT,Amreli,DEEP ENERGY,dipenvyas25@gmail.com,8866212187,3,1
GUJARAT,Amreli,CAPITAL WELDING,freexindia@gmail.com,9499602041,3,1
GUJARAT,Amreli,ANUPAM SMART ENERGY SOLAR,anupamsmartenergy@gmail.com,9601719818,3,1
GUJARAT,Amreli,ANANYA RENEWABLE ENERGY LLP,energy.ananyarenewable@gmail.com,9327003360,2,1
GUJARAT,Amreli,AIRSUN SOLAR ENERGY LLP,jatin@airsunsolarenergy.in,8799571627,3,1
GUJARAT,Amreli,AEROVOLT ENERGY PRIVATE LIMITED,aerovoltenergy@gmail.com,9558002201,3,1
GUJARAT,Amreli,ADVANCE SOLAR SYSTEMS,advance.solar.systems@gmail.com,9408054253,3,1
GUJARAT,Amreli,ADVANCE SOLAR,advancesolar139@gmail.com,7698756075,3,1
GUJARAT,Amreli,AAMOKSH ELECTRICALS PRIVATE LIMITED,hardik.pandya4166@gmail.com,9998367462,3,1
GUJARAT,Amreli,YAMAS ENTERPRISE,doc.yamas@gmail.com,9727928830,0,0
GUJARAT,Amreli,VISHVAM POWER PRIVATE LIMITED,vishvampowerpl@gmail.com,9723191446,0,0
GUJARAT,Amreli,VIRTA ENTERPRISE,INFO.VIRTAENTERPRISE@GMAIL.COM,7698432673,0,0
GUJARAT,Amreli,VIDE ENERGY,ankita.videenergy@gmail.com,9712668268,0,0
GUJARAT,Amreli,VEE SECURE,veesecure.in@gmail.com,9825070982,0,0
GUJARAT,Amreli,VARUN ENGINEERING,varunpatel2027@gmail.com,9727854101,0,0
GUJARAT,Amreli,VARIZONE SOLAR PRIVATE LIMITED,varizonesolar@gmail.com,9426111113,0,0
GUJARAT,Amreli,VA PATEL INFRA PRIVATE LIMITED,mayurdhavajsinhgohil00@gmail.com,9428269204,0,0
GUJARAT,Amreli,V POWER SOLAR SERVICES,vpowersolarservices@gmail.com,9904254440,0,0
GUJARAT,Amreli,UTSAV ELECTRICALS,info.utsavelectricals@gmail.com,9106623744,0,0
GUJARAT,Amreli,UMA POWER SOLUTIONS,umapowersolution@gmail.com,9638953281,0,0
GUJARAT,Amreli,TROM INDUSTRIES LIMITED,marketing@tromsolar.in,9081017444,0,0
GUJARAT,Amreli,TITAN ENERGY,info@titanenergy.in,9054825825,0,0
GUJARAT,Amreli,TARA SOLAR ENERGY,tara.solar.2111@gmail.com,9408966600,0,0
GUJARAT,Amreli,SWAMI ENERGY,jigar.swamienergy@gmail.com,9725451293,0,0
GUJARAT,Amreli,SURYA URJA SYSTEMS,suryaurjasystems@gmail.com,9824276142,0,0
GUJARAT,Amreli,SUNSPOT,msn.sunspot@gmail.com,6356810701,0,0
GUJARAT,Amreli,SUNRAISE INDUSTRIES,info@sunraiseindustries.com,9722106810,0,0
GUJARAT,Amreli,SUNPLUG TECHNOLOGIES LLP,hnchavda87@gmail.com,9427020496,0,0
GUJARAT,Amreli,SUNLIGHT GREEN ENERGY,sunlightgreenmeh@gmail.com,8460043385,0,0
GUJARAT,Amreli,SUNISTIC SOLAR ENERGY LLP,info@sunisticsolarenergy.com,9909507507,0,0
GUJARAT,Amreli,SUNCENTER SOLAR ENERGY,suncentersolarenergy@gmail.com,8905055513,0,0
GUJARAT,Amreli,SUNCELL SOLAR LLP,suncellsolarenergy@gmail.com,9512668884,0,0
GUJARAT,Amreli,SUKOON POWER TECHNOLOGY,sukoonpowertech@gmail.com,9712946594,0,0
GUJARAT,Amreli,STAR ENERGY SYSTEMS,starenergyindia@gmail.com,9825014314,0,0
GUJARAT,Amreli,SRI BALAJI SUN ENERGY,info@sribalajienergy.com,7878375444,0,0
GUJARAT,Amreli,SOLVEIG SOLAR PRIVATE LIMITED,solveigsolar@gmail.com,9724362544,0,0
GUJARAT,Amreli,SOLMECH ENERGY,solmechenergy@gmail.com,9998930960,0,0
GUJARAT,Amreli,SOLIS ENERGY SYSTEM,bhargavpaneliya@solisenergysystem.com,9601270077,0,0
GUJARAT,Amreli,SOLINE SOLAR PRIVATE LIMITED,info@soline.in,9898535056,0,0
GUJARAT,Amreli,SOLARWAVE ENERGY,solarwaveenergy2@gmail.com,7490083005,0,0
GUJARAT,Amreli,SOLARISE TECHNOLOGIES,solarisetechnologies1@gmail.com,6351562596,0,0
GUJARAT,Amreli,SOLARATIVE ENERGY SOLUTION,pavan.solarative@gmail.com,9327151411,0,0
GUJARAT,Amreli,SOLARAM POWER INFRASTRUCTURE PRIVATE LIMITED,solarampower@gmail.com,9898041008,0,0
GUJARAT,Amreli,SOLAR GREEN DEVELOPERS,solargreendevelopers@gmail.com,9924507751,0,0
GUJARAT,Amreli,SOLAR EXPERT,solarexpert35@gmail.com,9426167233,0,0
GUJARAT,Amreli,SOLAR EARTH RENEWABLES PRIVATE LIMITED,ser@solarearth.in,7990378370,0,0
GUJARAT,Amreli,SOLAR EARTH,solarearth7@gmail.com,7990378370,0,0
GUJARAT,Amreli,SMIT ENGINEERING SOLUTION,smitengineering10@gmail.com,9033381684,0,0
GUJARAT,Amreli,SKY WINGS SOLAR ENERGY,skywingssolar@gmail.com,9974839830,0,0
GUJARAT,Amreli,SKY POWER,skypowersvp@gmail.com,9723070267,0,0
GUJARAT,Amreli,SHRI SAI ELECTRICAL,rooftop@shrisaielectrical.co.in,6353970979,0,0
GUJARAT,Amreli,SHRI KHATRI BATTERY SERVICE,khatribattery@gmail.com,9426029459,0,0
GUJARAT,Amreli,SHREEJI SOLAR ENERGY SYSTEMS,snpatel2605@gmail.com,9712914272,0,0
GUJARAT,Amreli,SHREE UMIYA CORPORATION,shreeumiyacorp@gmail.com,8866731185,0,0
GUJARAT,Amreli,SHREE SOLAR POWER,nileshsorthiya2@gmail.com,9727620417,0,0
GUJARAT,Amreli,SHREE NANDAN INFRA,shreenandan.co@gmail.com,9898345739,0,0
GUJARAT,Amreli,SHREE MARUTI SOLAR ENERGY,shreemarutisolarenergy@gmail.com,8320045640,0,0
GUJARAT,Amreli,SHREE KRISHNA SALES AND SERVICES,info@skss.co.in,9998990694,0,0
GUJARAT,Amreli,SHIVAY SOLAR ENERGY PRIVATE LIMITED,sanjay1482@gmail.com,7490013700,0,0
GUJARAT,Amreli,SHIVAM ENTERPRISE,ERJAYPATHAK1@GMAIL.COM,9376099001,0,0
GUJARAT,Amreli,SHINE ENERGY SOLUTION,info@shineenergysolution.in,9687959342,0,0
GUJARAT,Amreli,SHAURYAM ENTERPRISE,shauryamsolarenterprise@gmail.com,9173645491,0,0
GUJARAT,Amreli,SHAKTI ENTERPRISE,shaktienterprise0507@gmail.com,8866124840,0,0
GUJARAT,Amreli,SAVIOR SOLAR ENERGY,saviorsolarenergy@outlook.com,8980517729,0,0
GUJARAT,Amreli,SATYASARA ENERGY PRIVATE LIMITED,satyasaraenergy@gmail.com,9909365808,0,0
GUJARAT,Amreli,SANELITE SOLAR PVT LTD,bhavesh.modi@sanelitesolar.com,9374021722,0,0
GUJARAT,Amreli,RUPABHAI MAGANBHAI PATEL,RMP.GEMPORTAL@GMAIL.COM,9426004861,0,0
GUJARAT,Amreli,RADIANT GREEN SOLUTIONS,davda.manthan@yahoo.in,9978911803,0,0
GUJARAT,Amreli,RABBIT ELECTRICAL AND SOLAR PVT. LTD.,respvtltd24@gmai.com,9727646420,0,0
GUJARAT,Amreli,R K ENTERPRICE,jayswal.ravi@ymail.com,9722252875,0,0
GUJARAT,Amreli,QORX ENERGY,qorxenergy1366@gmail.com,9904000629,0,0
GUJARAT,Amreli,PROSTARM INFO SYSTEMS LIMITED,mktg.ahm@prostarm.com,9316466272,0,0
GUJARAT,Amreli,PROFILE POWER,profilepower123@gmail.com,9726299965,0,0
GUJARAT,Amreli,PRIME ENERGY,primeenergy321@gmail.com,9512022199,0,0
GUJARAT,Amreli,PRASHANT ENTERPRISE,prashantenterprise.solar@gmail.com,9409337000,0,0
GUJARAT,Amreli,POWER PLUS,powerplusbhabhar@gmail.com,8128435584,0,0
GUJARAT,Amreli,POWER INFRASTRUCTURE,powersolarenergy21@gmail.com,9067701219,0,0
GUJARAT,Amreli,PHOTOVOLTAIC SOLAR,info@photovoltaicsolar.in,8866488000,0,0
GUJARAT,Amreli,PEAKSUN ENERGY PRIVATE LIMITED,info@peaksunenergy.co.in,7486089901,0,0
GUJARAT,Amreli,PDF ENGINEERS PRIVATE LIMITED,project2.pepl@gmail.com,8803910391,0,0
GUJARAT,Amreli,PAVAN ENERGY,pavanenergy1209@gmail.com,7016265112,0,0
GUJARAT,Amreli,P.M.BAROT GREEN ENERGY,jaybarotkdbm@gmail.com,9327129667,0,0
GUJARAT,Amreli,P C LINK ENTERPRISE,pclinkenterprise@gmail.com,8238053941,0,0
GUJARAT,Amreli,P AND N ENGINEERING AND MARKETING,pandnsolarenergy@gmail.com,7622023251,0,0
GUJARAT,Amreli,NVVP GREEN ENERGY PRIVATE LIMITED,nvvpgreenepl@gmail.com,9979941234,0,0
GUJARAT,Amreli,NRS SOLAR SOLUTION,info.nrssolarsolution@gmail.com,8488953026,0,0
GUJARAT,Amreli,NIRAJ TRADERS,nirajtraders@yahoo.com,9825030321,0,0
GUJARAT,Amreli,NIDHI ELECTRICALS,thakkarumang82@gmail.com,9409322020,0,0
GUJARAT,Amreli,NEOCENT SOLAR SYSTEM LLP,m.neocent@gmail.com,9974710486,0,0
GUJARAT,Amreli,NEETY EURO ASIA SOLAR ENERGY,falgun@nease.in,9909595442,0,0
GUJARAT,Amreli,MJR INDUSTRIES PRIVATE LIMITED,mjrindustriespvtltd@gmail.com,9426998993,0,0
GUJARAT,Amreli,MITRA RENEWABLE ENERGY,mitra.renewable@gmail.com,9824792815,0,0
GUJARAT,Amreli,MATCH ELECTRONICS AND EXPORT,matchsolarenergy@gmail.com,9879538585,0,0
GUJARAT,Amreli,MARUTI SOLAR,marutisolar.bvn@gmail.com,9429292818,0,0
GUJARAT,Amreli,MARUTI ENTERPRISE,maruti.enterprise0915@hotmail.com,8866239646,0,0
GUJARAT,Amreli,MANYAH ENERGY PVTLTD,manyahenergy@gmail.com,9925065224,0,0
GUJARAT,Amreli,MAHISAGAR SOLAR ENERGY,mahisagarsolarenergy23@gmail.com,8200154972,0,0
GUJARAT,Amreli,MAHAVEER ENTRPRISE,me.solarmaster@gmail.com,7878647771,0,0
GUJARAT,Amreli,MAHADEV SALES AGENCY,mahadevsolarproject@gmail.com,7393939139,0,0
GUJARAT,Amreli,MADYSON ELECTRICAL,madyson.electrical41@gmail.com,9998864567,0,0
GUJARAT,Amreli,MADHAV ENERGY SOLUTION,info.madhavenergy@gmail.com,9408354018,0,0
GUJARAT,Amreli,M/S. BRAMHA VISHNU MAHESH INFRASTRUCTURE,BVM.INFRASTRUCTURE@REDIFFMAIL.COM,9099980199,0,0
GUJARAT,Amreli,KREYA ENTERPRISES,kreyaentp@gmail.com,6359233332,0,0
GUJARAT,Amreli,KOTSON PROJECTS PRIVATE LIMITED,kotsonprojects@gmail.com,9978909595,0,0
GUJARAT,Amreli,KANHA ENTERPRISE,kanhaenterprise4161@gmail.com,6355636703,0,0
GUJARAT,Amreli,KAGI RENEWABLE ENERGY,info.kagirenew@gmail.com,8401935902,0,0
GUJARAT,Amreli,JAYVEER ELECTRICAL PRIVATE LIMITED,jayveerelectrical@gmail.com,9601679621,0,0
GUJARAT,Amreli,JAY SARDAR SOLAR PVT.LTD.,jaysardarsolar@gmail.com,8141500062,0,0
GUJARAT,Amreli,JANSA SOLAR SOLUTIONS PVT LTD,jansa@kalptaru.co.in,9998000769,0,0
GUJARAT,Amreli,JAIMAX SUNBIM PVT LTD,jaimaxsunbim@gmail.com,8980024055,0,0
GUJARAT,Amreli,J S COMPANY,jscompany9@gmail.com,7990307424,0,0
GUJARAT,Amreli,ISHITA ENGINEERING,ishitaengineering13@gmail.com,8866649177,0,0
GUJARAT,Amreli,INRAYS TECHNOLOGY,inraystechnology@gmail.com,9898878734,0,0
GUJARAT,Amreli,INFINITY POWER,infinitypower1026@gmail.com,8758875751,0,0
GUJARAT,Amreli,IDEAL ELECTRICAL,idealelectric7@gmail.com,9638324167,0,0
GUJARAT,Amreli,ICON ENERGY,info@iconenergy.in,9909999162,0,0
GUJARAT,Amreli,HIYA ELECTRO ENGINEERS,hiyaelectroengineers@gmail.com,8128672333,0,0
GUJARAT,Amreli,HITECH SOLAR,jayesh@hitechsolar.in,7600059073,0,0
GUJARAT,Amreli,HIREN HARESHBHAI KASHIPARA,hirenkashiparacorpo@gmail.com,8469977709,0,0
GUJARAT,Amreli,HIRANYA,chintan6310@gmail.com,9909009425,0,0
GUJARAT,Amreli,HI TECH TRANSPOWER PVT. LTD.,solar@hitechprofile.com,9723706488,0,0
GUJARAT,Amreli,HARI INFRA PROJECTS,info@hariindia.in,9998037067,0,0
GUJARAT,Amreli,H.K ENERGY,hkenergy001@gmail.com,9586401312,0,0
GUJARAT,Amreli,H AND S ENGINEERING,HSENGINEERING9698@GMAIL.COM,8980818699,0,0
GUJARAT,Amreli,GURUKRUPA SOLAR SOLUTION,gurukrupasolarsolution@gmail.com,8469952443,0,0
GUJARAT,Amreli,GURUKRUPA SOLAR AND AGRO INDUSTRIES,vishal@vishal-group.com,9328854525,0,0
GUJARAT,Amreli,GROWSUN RENEWABLE LLP,info.growsunrenewablellp@gmail.com,9925590193,0,0
GUJARAT,Amreli,GRIDSOL ENERGY,GRIDSOLENERGY@GMAIL.COM,9724634747,0,0
GUJARAT,Amreli,GREEN SUN ENERGY,teamgreensun@gmail.com,9274525232,0,0
GUJARAT,Amreli,GREEN POWER SOLUTION,darjihardik777@gmail.com,8141216635,0,0
GUJARAT,Amreli,GREEN EVER SYSTEMS PRIVATE LIMITED,greeneversystems@gmail.com,8866167111,0,0
GUJARAT,Amreli,GREEN EARTH ENERGY,greenearthenergy09@gmail.com,8849403950,0,0
GUJARAT,Amreli,GRACE RENEWABLE ENERGY PVT LTD,project1@gracerenew.com,7573027788,0,0
GUJARAT,Amreli,GOLDEN SOLAR POWER,goldensolarp@gmail.com,9558887494,0,0
GUJARAT,Amreli,GARUDA POWER,garudapower26@gmail.com,9016555765,0,0
GUJARAT,Amreli,GANESH GREEN BHARAT LIMITED,sales@ganeshgreen.com,9519518951,0,0
GUJARAT,Amreli,GANESH CORPORATION,ganeshcorporation3003@gmail.com,9979856236,0,0
GUJARAT,Amreli,FRS ENTERPRISE,frsenterprise1@gmail.com,7990366078,0,0
GUJARAT,Amreli,FOREXT GREEN ENERGY PRIVATE LIMITED,Forextgreen@gmail.com,9227145384,0,0
GUJARAT,Amreli,FARMSON ENERGY,info.pv@farmsonsolar.com,9687692733,0,0
GUJARAT,Amreli,EVERGREEN RENEWABLE TECHNOLOGIES,ashishpanchal888@gmail.com,7359743295,0,0
GUJARAT,Amreli,EURO PREMIUM SOLAR SYSTEM (INDIA) PRIVATE LIMITED,info@europremiumsolar.com,7622023253,0,0
GUJARAT,Amreli,ERA ENVIRO SOLUTIONS,info.eraenviro@gmail.com,9227849825,0,0
GUJARAT,Amreli,ENJOY TECHNOLOGY,care.enjoytechnology@gmail.com,9727718887,0,0
GUJARAT,Amreli,ENERZYTECH INDUSTRIES PRIVATE LIMITED,deep.bhojani@enerzytech.com,9727139999,0,0
GUJARAT,Amreli,ELLINZA ENERGY,ELLINZAENERGY@GMAIL.COM,9725001682,0,0
GUJARAT,Amreli,ELLENCE ENERGY LLP,dhaval@ellenceenergy.com,9054073345,0,0
GUJARAT,Amreli,EFARM INTERNATIONAL PRIVATE LIMITED,info@efarmenergy.com,9723610012,0,0
GUJARAT,Amreli,EE ELECTRIC CO,eelectricrjt@gmail.com,9825309907,0,0
GUJARAT,Amreli,DHWANIL LIGHT ZONE,patelrikin3054@gmail.com,9409505790,0,0
GUJARAT,Amreli,DAY LIGHT SOLAR ENRGY,daylightsolarahm@gmail.com,8401605515,0,0
GUJARAT,Amreli,CORWIND RENERGY LLP,corwind.renergy@gmail.com,9428490118,0,0
GUJARAT,Amreli,CHIDANAND ELECTRIC,chidanandelectric@gmail.com,7600198889,0,0
GUJARAT,Amreli,CELESTIAL RENEWABLE ENERGY,celestialrenewableenergy@gmail.com,9099033033,0,0
GUJARAT,Amreli,BHAVANI ELECTRICALS,beplpatan@gmail.com,9824014075,0,0
GUJARAT,Amreli,BHAKTINANDAN POWER PVTLTD,bhaktinandanpower@gmail.com,9724031529,0,0
GUJARAT,Amreli,BENCHMARK AGENCIES PRIVATE LIMITED,tarang@benchmarkagencies.com,8200267346,0,0
GUJARAT,Amreli,BANAS POWER,banaspower2020@gmail.com,9998418825,0,0
GUJARAT,Amreli,AZOLE POWER,azolepower9998@gmail.com,9998743101,0,0
GUJARAT,Amreli,ASV ENERGY SOLUTIONS,vikas30.asv@gmail.com,7879064335,0,0
GUJARAT,Amreli,ASHISH ELECTROMECH,ashishelectromech@gmail.com,9426048587,0,0
GUJARAT,Amreli,ASHIRWAD ELECTRICALS,ashirwad.ele2022@gmail.com,9904614125,0,0
GUJARAT,Amreli,ARRAYCOM INDIA LIMITED,solar@arraycom.co.in,9909941004,0,0
GUJARAT,Amreli,ARK SOLAR ENERGY SOLUTIONS,arksolarenergy3@gmail.com,7874463444,0,0
GUJARAT,Amreli,ANK SOLAR ENERGY,anksolarenergy@gmail.com,9724816510,0,0
GUJARAT,Amreli,AMRUTAM RENEWABLE ENERGY,info@amrenergy.in,9016352248,0,0
GUJARAT,Amreli,AMPLE SOLAR PVT LTD,ravi@amplesolar.in,9979792403,0,0
GUJARAT,Amreli,AILIS ENERGY PRIVATE LIMITED,suryagujarat@ailisenergy.com,8401541048,0,0
GUJARAT,Amreli,AHAD SOLARTECH,ahad.solartech@gmail.com,9724259440,0,0
GUJARAT,Amreli,AHAD ENERGY,info@ahadenergy.in,9737673768,0,0
GUJARAT,Amreli,ADARSH ANUKAMPA SERVICES,info@adarshindia.net,9825389314,0,0
GUJARAT,Amreli,ACS LIGHTING PVT LTD,acslightingsales@gmail.com,9825247252,0,0
GUJARAT,Amreli,ACHYUT ENERGY,achyutenergy@gmail.com,9275382879,0,0
GUJARAT,Amreli,ABR ENERGY,abrenergy2019@gmail.com,9375208266,0,0
GUJARAT,Amreli,AATREY SOLUTIONS,aatreysolutions@gmail.com,7698120241,0,0
GUJARAT,Amreli,AAROHI SOLAR ENERGY,pram8384@gmail.com,8347341291,0,0
GUJARAT,Amreli,AARISH POWER,harshpatel5268@gmail.com,7600621060,0,0
GUJARAT,Amreli,A J INFRATECH AND SOLAR,aryanpatelvisnagar@gmail.com,9429083193,0,0
GUJARAT,Amreli,4SUN POWER,4sunpower.ahd@gmail.com,8000859548,0,0
